warehouse_id,item_id,month,xgboost_forecast,ets_forecast,ensemble_forecast
2,3,2026-10-01,0.0,0.08293471829070734,0.033173887316282936
2,3,2026-11-01,0.0,0.416359041493787,0.16654361659751482
2,3,2026-12-01,0.0,0.0830586837386787,0.03322347349547148
2,3,2027-01-01,0.0,0.0830797949623769,0.03323191798495076
2,3,2027-02-01,0.0,0.0831158920169245,0.0332463568067698
2,3,2027-03-01,0.0,0.08316501120995963,0.033266004483983855
2,4,2026-10-01,0.0,0.0,0.0
2,4,2026-11-01,0.0,0.0,0.0
2,4,2026-12-01,0.0,0.0,0.0
2,4,2027-01-01,0.0,0.0,0.0
2,4,2027-02-01,0.0,0.0,0.0
2,4,2027-03-01,0.0,0.0,0.0
2,5,2026-10-01,0.0,0.0,0.0
2,5,2026-11-01,0.0,0.0,0.0
2,5,2026-12-01,0.0,0.0,0.0
2,5,2027-01-01,0.0,0.0,0.0
2,5,2027-02-01,0.0,0.5833255897379329,0.23333023589517318
2,5,2027-03-01,0.0,0.583316778526458,0.23332671141058323
2,6,2026-10-01,0.0,1.460450103533061,0.5841800414132244
2,6,2026-11-01,0.0,1.7095517781762293,0.6838207112704917
2,6,2026-12-01,0.0,2.2851635148539278,0.9140654059415712
2,6,2027-01-01,0.0,2.5206184217386887,1.0082473686954756
2,6,2027-02-01,0.0,2.4159163319169767,0.9663665327667907
2,6,2027-03-01,0.0,2.6377237968484994,1.0550895187393998
2,7,2026-10-01,0.0,0.08313288024973921,0.03325315209989568
2,7,2026-11-01,0.0,0.08315382134846286,0.033261528539385146
2,7,2026-12-01,0.0,0.08317488231218263,0.03326995292487305
2,7,2027-01-01,0.0,0.0831962843567677,0.03327851374270708
2,7,2027-02-01,0.0,0.0832182552605349,0.03328730210421396
2,7,2027-03-01,0.0,0.08324026867487211,0.03329610746994884
2,9,2026-10-01,0.0,0.0833448222375937,0.03333792889503748
2,9,2026-11-01,0.0,0.08337782700471821,0.033351130801887285
2,9,2026-12-01,0.0,0.4166910029720903,0.16667640118883612
2,9,2027-01-01,0.0,0.4167015609469492,0.1666806243787797
2,9,2027-02-01,0.0,0.0834085511093002,0.033363420443720086
2,9,2027-03-01,0.0,0.08339287044584329,0.03335714817833731
2,10,2026-10-01,0.0,0.0,0.0
2,10,2026-11-01,0.0,0.0,0.0
2,10,2026-12-01,0.0,0.0,0.0
2,10,2027-01-01,0.0,0.0,0.0
2,10,2027-02-01,0.0,0.33333279127456605,0.13333311650982643
2,10,2027-03-01,0.0,0.0,0.0
2,11,2026-10-01,0.0,0.166748065722013,0.0666992262888052
2,11,2026-11-01,0.0,0.0,0.0
2,11,2026-12-01,0.0,0.0,0.0
2,11,2027-01-01,0.0,0.5001324396824778,0.20005297587299112
2,11,2027-02-01,0.0,0.0,0.0
2,11,2027-03-01,0.0,0.1667351613574255,0.06669406454297021
2,13,2026-10-01,0.0,0.083331341938995,0.033332536775598
2,13,2026-11-01,0.0,0.0833318034071254,0.03333272136285016
2,13,2026-12-01,0.0,0.08333227741767305,0.03333291096706922
2,13,2027-01-01,0.0,0.0833326793865268,0.03333307175461072
2,13,2027-02-01,0.0,0.08333305527595153,0.03333322211038061
2,13,2027-03-01,0.0,0.08333352268487151,0.033333409073948606
2,16,2026-10-01,0.0,0.08313288024973921,0.03325315209989568
2,16,2026-11-01,0.0,0.08315382134846286,0.033261528539385146
2,16,2026-12-01,0.0,0.08317488231218263,0.03326995292487305
2,16,2027-01-01,0.0,0.0831962843567677,0.03327851374270708
2,16,2027-02-01,0.0,0.0832182552605349,0.03328730210421396
2,16,2027-03-01,0.0,0.08324026867487211,0.03329610746994884
2,17,2026-10-01,0.0,0.0,0.0
2,17,2026-11-01,0.0,1.8346955308969765e-05,7.3387821235879065e-06
2,17,2026-12-01,0.0,0.3333490745385866,0.13333962981543465
2,17,2027-01-01,0.0,4.488898196055094e-05,1.7955592784220375e-05
2,17,2027-02-01,0.0,3.902174491655225e-05,1.56086979666209e-05
2,17,2027-03-01,0.0,3.230402426267209e-05,1.2921609705068838e-05
2,18,2026-10-01,0.0,0.0,0.0
2,18,2026-11-01,0.0,0.0,0.0
2,18,2026-12-01,0.0,0.0,0.0
2,18,2027-01-01,0.0,0.0,0.0
2,18,2027-02-01,0.0,0.0,0.0
2,18,2027-03-01,0.0,0.24999730221386204,0.09999892088554482
2,19,2026-10-01,0.0,2.0839218375364226,0.8335687350145691
2,19,2026-11-01,460.05515,984.0511956361559,669.653589826728
2,19,2026-12-01,93.06202,1339.0655783357809,591.4634467578963
2,19,2027-01-01,31.764524,0.0,19.0587158203125
2,19,2027-02-01,0.0,0.0,0.0
2,19,2027-03-01,0.0,541.7540156307657,216.7016062523063
2,25,2026-10-01,0.0,0.0,0.0
2,25,2026-11-01,7.84732,289.6673344909032,120.5753259396108
2,25,2026-12-01,0.0,308.3324445225172,123.33297780900689
2,25,2027-01-01,5.653776,0.0,3.392265796661377
2,25,2027-02-01,12.946399,0.0,7.767839431762695
2,25,2027-03-01,0.0,0.0,0.0
2,26,2026-10-01,327.24512,0.0,196.34707641601562
2,26,2026-11-01,252.44649,0.0,151.4678955078125
2,26,2026-12-01,465.10474,0.0,279.0628662109375
2,26,2027-01-01,217.09113,0.0,130.2546844482422
2,26,2027-02-01,238.95178,0.0,143.37107849121094
2,26,2027-03-01,280.12125,732.3325220990743,461.00576274587974
2,27,2026-10-01,67.85515,0.0,40.71308898925781
2,27,2026-11-01,23.74598,14.533074034611241,20.060817771498307
2,27,2026-12-01,50.369957,0.0,30.221975326538086
2,27,2027-01-01,14.487252,0.0,8.692351341247559
2,27,2027-02-01,81.1342,0.0,48.68052291870117
2,27,2027-03-01,63.01323,178.3839834855696,109.16153101629816
2,28,2026-10-01,20.533863,0.0,12.320318222045898
2,28,2026-11-01,13.476128,0.0,8.085677146911621
2,28,2026-12-01,11.6111,0.0,6.966660499572754
2,28,2027-01-01,8.17494,0.0,4.904964447021484
2,28,2027-02-01,29.53283,0.0,17.719697952270508
2,28,2027-03-01,35.319458,84.66661215865365,55.058320049618686
3,2,2026-10-01,0.0,0.0,0.0
3,2,2026-11-01,0.0,0.0,0.0
3,2,2026-12-01,0.0,0.0,0.0
3,2,2027-01-01,0.0,0.0,0.0
3,2,2027-02-01,0.0,0.0,0.0
3,2,2027-03-01,0.0,0.33326011867656313,0.13330404747062527
3,4,2026-10-01,0.0,0.0,0.0
3,4,2026-11-01,0.0,0.33333563268088867,0.13333425307235547
3,4,2026-12-01,0.0,3.029591836964385e-05,1.211836734785754e-05
3,4,2027-01-01,0.0,1.97063497189634e-05,7.88253988758536e-06
3,4,2027-02-01,0.0,1.0973444776036373e-05,4.389377910414549e-06
3,4,2027-03-01,0.0,4.05343572380118e-06,1.621374289520472e-06
3,5,2026-10-01,0.0,0.0,0.0
3,5,2026-11-01,0.0,0.33334362395590134,0.13333744958236055
3,5,2026-12-01,0.0,0.6666771347202693,0.26667085388810774
3,5,2027-01-01,0.0,2.1172097153104863e-05,8.468838861241945e-06
3,5,2027-02-01,0.0,0.0,0.0
3,5,2027-03-01,0.0,0.33333635487620505,0.13333454195048203
3,6,2026-10-01,0.0,0.0,0.0
3,6,2026-11-01,0.0,0.24999935405969734,0.09999974162387894
3,6,2026-12-01,0.0,0.0,0.0
3,6,2027-01-01,0.0,0.0,0.0
3,6,2027-02-01,0.0,0.24999941988046137,0.09999976795218456
3,6,2027-03-01,0.0,0.0,0.0
3,7,2026-10-01,0.0,8.502225819821685e-06,3.4008903279286743e-06
3,7,2026-11-01,0.0,7.777939551326107e-06,3.1111758205304433e-06
3,7,2026-12-01,0.0,3.40801049785594e-06,1.363204199142376e-06
3,7,2027-01-01,0.0,0.0,0.0
3,7,2027-02-01,0.0,0.0,0.0
3,7,2027-03-01,0.0,0.0,0.0
3,8,2026-10-01,0.0,0.08333222201272478,0.03333288880508991
3,8,2026-11-01,0.0,0.08333250264206056,0.03333300105682423
3,8,2026-12-01,0.0,0.08333271325665928,0.03333308530266371
3,8,2027-01-01,0.0,0.0833329642196361,0.03333318568785444
3,8,2027-02-01,0.0,0.08333332668525326,0.033333330674101304
3,8,2027-03-01,0.0,0.4166665130451385,0.16666660521805543
3,9,2026-10-01,0.0,0.08332254644733028,0.03332901857893211
3,9,2026-11-01,0.0,0.08332193015868826,0.03332877206347531
3,9,2026-12-01,0.0,0.08332195600841831,0.03332878240336733
3,9,2027-01-01,0.0,0.08332284373084681,0.03332913749233873
3,9,2027-02-01,0.0,0.4166548392089192,0.16666193568356769
3,9,2027-03-01,0.0,0.08331920116482756,0.03332768046593103
3,10,2026-10-01,0.0,0.0,0.0
3,10,2026-11-01,0.0,0.0,0.0
3,10,2026-12-01,0.0,0.0,0.0
3,10,2027-01-01,0.0,0.0,0.0
3,10,2027-02-01,0.0,0.2499972506179777,0.09999890024719109
3,10,2027-03-01,0.0,0.0,0.0
3,11,2026-10-01,0.0,0.0,0.0
3,11,2026-11-01,0.0,0.0,0.0
3,11,2026-12-01,0.0,0.0,0.0
3,11,2027-01-01,0.0,0.0,0.0
3,11,2027-02-01,0.0,0.0,0.0
3,11,2027-03-01,0.0,0.0,0.0
3,12,2026-10-01,0.0,0.0,0.0
3,12,2026-11-01,0.0,0.49999991504248836,0.19999996601699535
3,12,2026-12-01,0.0,0.0,0.0
3,12,2027-01-01,0.0,0.16666610458247602,0.0666664418329904
3,12,2027-02-01,0.0,0.0,0.0
3,12,2027-03-01,0.0,0.0,0.0
3,13,2026-10-01,0.0,3.158238720477047e-07,1.263295488190819e-07
3,13,2026-11-01,0.0,1.1726871356892987e-06,4.6907485427571953e-07
3,13,2026-12-01,0.0,1.6223721617109055e-06,6.489488646843622e-07
3,13,2027-01-01,0.0,1.7488704683321643e-06,6.995481873328658e-07
3,13,2027-02-01,0.0,1.5442398619697206e-06,6.176959447878883e-07
3,13,2027-03-01,0.0,9.784297983345125e-07,3.91371919333805e-07
3,14,2026-10-01,0.0,0.0,0.0
3,14,2026-11-01,0.0,0.0,0.0
3,14,2026-12-01,0.0,0.24999953604828082,0.09999981441931233
3,14,2027-01-01,0.0,0.0,0.0
3,14,2027-02-01,0.0,0.0,0.0
3,14,2027-03-01,0.0,0.0,0.0
3,15,2026-10-01,0.0,0.0,0.0
3,15,2026-11-01,0.0,0.0,0.0
3,15,2026-12-01,0.0,0.24999930209795015,0.09999972083918007
3,15,2027-01-01,0.0,0.0,0.0
3,15,2027-02-01,0.0,0.0,0.0
3,15,2027-03-01,0.0,0.0,0.0
3,16,2026-10-01,0.0,0.0,0.0
3,16,2026-11-01,0.0,0.24999954889046216,0.09999981955618487
3,16,2026-12-01,0.0,0.0,0.0
3,16,2027-01-01,0.0,0.0,0.0
3,16,2027-02-01,0.0,0.0,0.0
3,16,2027-03-01,0.0,0.0,0.0
3,17,2026-10-01,0.0,1.8807227813166794e-06,7.522891125266718e-07
3,17,2026-11-01,0.0,2.1968961003843157e-07,8.787584401537263e-08
3,17,2026-12-01,0.0,0.0,0.0
3,17,2027-01-01,0.0,0.0,0.0
3,17,2027-02-01,0.0,0.0,0.0
3,17,2027-03-01,0.0,0.0,0.0
3,18,2026-10-01,0.0,0.08333155239764474,0.033332620959057896
3,18,2026-11-01,0.0,0.08333181985811827,0.03333272794324731
3,18,2026-12-01,0.0,0.08333200644230723,0.03333280257692289
3,18,2027-01-01,0.0,0.08333212510834903,0.033332850043339614
3,18,2027-02-01,0.0,0.0833322014916486,0.033332880596659446
3,18,2027-03-01,0.0,0.08333226717069361,0.033332906868277445
3,19,2026-10-01,0.0,340.5458869206158,136.21835476824634
3,19,2026-11-01,270.5447,146.51946710946362,220.93461484671514
3,19,2026-12-01,141.1913,0.0,84.71478271484375
3,19,2027-01-01,5.7924924,305.4735902227026,125.66493166593958
3,19,2027-02-01,54.324726,0.0,32.5948371887207
3,19,2027-03-01,0.0,0.0,0.0
3,25,2026-10-01,0.0,38.834591935786065,15.533836774314427
3,25,2026-11-01,13.146098,180.17098389508814,79.95605263091123
3,25,2026-12-01,19.231089,0.0,11.538653373718262
3,25,2027-01-01,8.879224,144.8319748972234,63.26032463448751
3,25,2027-02-01,21.564,0.0,12.938400268554688
3,25,2027-03-01,8.183824,0.0,4.910294532775879
3,26,2026-10-01,95.83948,305.5133677294481,179.7090359040351
3,26,2026-11-01,171.84492,302.1756786642988,223.97722794765312
3,26,2026-12-01,107.097855,693.1647437008774,341.5246102489056
3,26,2027-01-01,150.03152,280.83943399052833,202.35469449464884
3,26,2027-02-01,227.27542,342.1671052400359,273.2321069885925
3,26,2027-03-01,131.92012,263.8333276373029,184.68540777611258
3,27,2026-10-01,45.113625,190.03835091888067,103.08351663708352
3,27,2026-11-01,117.31462,62.07439249874972,95.21853568602333
3,27,2026-12-01,31.712214,353.5346724727844,160.4411974803247
3,27,2027-01-01,95.01123,78.08256053226397,88.23976478297395
3,27,2027-02-01,70.73693,107.74580535124669,85.54048370055727
3,27,2027-03-01,117.14347,411.2080575777995,234.7693100672526
3,28,2026-10-01,14.082544,5.16890179274213,10.51708750390105
3,28,2026-11-01,13.58496,15.170328853102177,14.219107722271144
3,28,2026-12-01,30.207336,61.17146624459407,42.592989497715564
3,28,2027-01-01,23.694445,45.83698042316891,32.551459344560534
3,28,2027-02-01,19.388275,16.837942713525223,18.368142173300715
3,28,2027-03-01,13.46521,11.837301421005733,12.814046926434521
4,1,2026-10-01,0.26341632,0.4817195961376306,0.3507376305063675
4,1,2026-11-01,1.0026664,0.5356692648719995,0.8158675184564292
4,1,2026-12-01,0.46636796,0.5877790519247527,0.5149324205974768
4,1,2027-01-01,0.33306563,0.638047478810883,0.45505837488807693
4,1,2027-02-01,0.2994773,0.6864738668650952,0.45427594406010974
4,1,2027-03-01,0.2994773,0.7330585765169915,0.4729098279208683
4,4,2026-10-01,0.25607273,0.08333972227009122,0.1869795268036206
4,4,2026-11-01,0.99532276,0.4167095632995872,0.763877483671733
4,4,2026-12-01,0.4590243,0.08339253333092243,0.30877159939956866
4,4,2027-01-01,0.32572204,0.08338162310719907,0.22878587845087217
4,4,2027-02-01,0.2921337,0.08337730919004083,0.2086311370320344
4,4,2027-03-01,0.2921337,0.08337759956892803,0.20863125318358927
4,5,2026-10-01,0.18118909,0.4166382357635133,0.27536874980362386
4,5,2026-11-01,1.0026664,0.08331134610214314,0.6349243509484866
4,5,2026-12-01,0.46636796,0.41667870200933865,0.4464922806313112
4,5,2027-01-01,0.33306563,0.416665372482768,0.366505532356831
4,5,2027-02-01,0.2994773,0.4166972238046007,0.34636528683591195
4,5,2027-03-01,0.2994773,0.08334888904784477,0.21302595293320956
4,6,2026-10-01,0.18118909,0.0,0.10871345549821854
4,6,2026-11-01,1.0026664,0.0,0.6015998125076294
4,6,2026-12-01,0.46636796,0.0,0.2798207998275757
4,6,2027-01-01,0.33306563,0.08333338852429426,0.23317273877344147
4,6,2027-02-01,0.2994773,0.0,0.17968639731407166
4,6,2027-03-01,0.2994773,0.08333299487805916,0.21301959526529532
4,7,2026-10-01,0.1738455,0.0,0.10430730134248734
4,7,2026-11-01,0.99532276,0.00011755716690967782,0.597240681218662
4,7,2026-12-01,0.4590243,0.3335418767078405,0.4088313367503359
4,7,2027-01-01,0.32572204,0.00022161734079700207,0.19552187614431135
4,7,2027-02-01,0.2921337,0.00020304573177771373,0.17536143164872914
4,7,2027-03-01,0.2921337,0.00017885465847786858,0.1753517552194092
4,8,2026-10-01,0.26341632,0.08333320788165835,0.19138307520397865
4,8,2026-11-01,1.0026664,0.08333307118167352,0.6349330409802988
4,8,2026-12-01,0.46636796,0.08333286452200114,0.31315394563637616
4,8,2027-01-01,0.33306563,0.08333264980720644,0.23317244328660633
4,8,2027-02-01,0.2994773,0.08333242159839775,0.21301936595343077
4,8,2027-03-01,0.2994773,0.08333217194191073,0.21301926609083593
4,9,2026-10-01,0.18118909,1.8807227813166794e-06,0.10871420778733107
4,9,2026-11-01,1.0026664,2.1968961003843157e-07,0.6015999003834734
4,9,2026-12-01,0.46636796,0.0,0.2798207998275757
4,9,2027-01-01,0.33306563,0.0,0.19983938336372375
4,9,2027-02-01,0.2994773,0.0,0.17968639731407166
4,9,2027-03-01,0.2994773,0.0,0.17968639731407166
4,10,2026-10-01,0.18118909,0.08333458258402698,0.14204728853182932
4,10,2026-11-01,1.0026664,0.0833241832213302,0.6349294857961615
4,10,2026-12-01,0.46636796,0.4166940968554856,0.4464984385697699
4,10,2027-01-01,0.33306563,0.08331588755486075,0.23316573838566806
4,10,2027-02-01,0.2994773,0.08331848363704261,0.2130137907688887
4,10,2027-03-01,0.2994773,0.0833182715897528,0.21301370594997276
4,11,2026-10-01,0.1738455,0.0,0.10430730134248734
4,11,2026-11-01,0.99532276,0.33331971249766157,0.7305215433509629
4,11,2026-12-01,0.4590243,0.0,0.2754145860671997
4,11,2027-01-01,0.32572204,1.3931475888330491e-05,0.19543880179834788
4,11,2027-02-01,0.2921337,1.7670056556458313e-05,0.17528728137864064
4,11,2027-03-01,0.2921337,0.3333552515558501,0.30862231397835815
4,13,2026-10-01,0.18118909,0.0,0.10871345549821854
4,13,2026-11-01,1.0026664,0.0,0.6015998125076294
4,13,2026-12-01,0.46636796,0.0,0.2798207998275757
4,13,2027-01-01,0.33306563,0.24995510952235012,0.2998214271726638
4,13,2027-02-01,0.2994773,0.0,0.17968639731407166
4,13,2027-03-01,0.2994773,0.0,0.17968639731407166
4,15,2026-10-01,0.25607273,5.958642719329499e-06,0.15364602135267183
4,15,2026-11-01,0.99532276,0.0,0.5971936583518982
4,15,2026-12-01,0.4590243,0.0,0.2754145860671997
4,15,2027-01-01,0.32572204,0.0,0.19543322920799255
4,15,2027-02-01,0.2921337,0.0,0.17528021335601807
4,15,2027-03-01,0.2921337,0.0,0.17528021335601807
4,18,2026-10-01,0.26341632,0.0,0.1580497920513153
4,18,2026-11-01,1.0026664,0.0,0.6015998125076294
4,18,2026-12-01,0.46636796,0.0,0.2798207998275757
4,18,2027-01-01,0.33306563,0.0,0.19983938336372375
4,18,2027-02-01,0.2994773,0.0,0.17968639731407166
4,18,2027-03-01,0.2994773,0.0,0.17968639731407166
4,19,2026-10-01,542.585,201.87401314057678,406.3006306468557
4,19,2026-11-01,361.48395,928.5700673624369,588.3184078043498
4,19,2026-12-01,1124.1201,610.566727091661,918.6987977702581
4,19,2027-01-01,1033.5929,193.57468406272972,697.5856353438419
4,19,2027-02-01,873.414,207.9026056165103,607.2094431255103
4,19,2027-03-01,980.90656,160.57283839662483,652.77308067115
4,25,2026-10-01,182.54378,41.750266995691405,126.22637480364766
4,25,2026-11-01,576.4704,319.7506694193689,473.7825309513413
4,25,2026-12-01,501.15253,118.75091220868791,348.1918932037877
4,25,2027-01-01,1338.5992,41.75126146731081,819.8601115205181
4,25,2027-02-01,1255.352,41.75088387599159,769.9115962261778
4,25,2027-03-01,1245.4377,41.75059094536839,763.9629316906473
4,26,2026-10-01,1538.4055,6561.356105563621,3547.585777186386
4,26,2026-11-01,1502.7347,9358.411683175653,4645.005542410887
4,26,2026-12-01,1480.128,11879.548209537686,5639.896127076793
4,26,2027-01-01,1793.9275,14376.58537862128,6826.990718831325
4,26,2027-02-01,1585.1436,16910.340530900965,7715.222394001012
4,26,2027-03-01,1463.253,19279.847665929006,8589.890909633323
4,27,2026-10-01,1082.1804,311.16037525604605,773.7724386766372
4,27,2026-11-01,1030.4104,163.49776966580168,683.6453847217895
4,27,2026-12-01,1516.6038,179.1597966593249,981.6261989371675
4,27,2027-01-01,1228.9891,164.49973449912775,803.1933874519948
4,27,2027-02-01,1219.4019,206.82997094119725,814.373101657729
4,27,2027-03-01,1451.1061,139.16398532076883,926.32929041737
4,28,2026-10-01,306.4993,81.30060491007028,216.4198238732078
4,28,2026-11-01,319.4274,120.59610855876308,239.89489178776304
4,28,2026-12-01,1263.8962,120.51007061772711,806.5417968017783
4,28,2027-01-01,1300.1023,131.0567302108765,832.4840934515381
4,28,2027-02-01,1172.0165,127.58350344677382,754.2433012810533
4,28,2027-03-01,1513.6433,132.31192677846394,961.1108058676356
5,1,2026-10-01,7.0453634,0.08334713600746953,4.260557005495517
5,1,2026-11-01,0.55313605,0.08334005687638053,0.36521766509216597
5,1,2026-12-01,0.0,0.08332849174665674,0.033331396698662696
5,1,2027-01-01,0.24803588,0.4166699361828935,0.31548950719944524
5,1,2027-02-01,0.0,0.08331758538849127,0.03332703415539651
5,1,2027-03-01,0.0,0.0833187026500173,0.03332748106000692
5,2,2026-10-01,7.0453634,0.0,4.227218151092529
5,2,2026-11-01,0.55313605,0.0,0.33188164234161377
5,2,2026-12-01,0.0,0.0,0.0
5,2,2027-01-01,0.24803588,0.0,0.14882153272628784
5,2,2027-02-01,0.0,0.0,0.0
5,2,2027-03-01,0.0,0.0,0.0
5,4,2026-10-01,7.0453634,0.07835870225517716,4.2585616319946
5,4,2026-11-01,0.55313605,0.0,0.33188164234161377
5,4,2026-12-01,0.0,0.0,0.0
5,4,2027-01-01,0.24803588,0.0,0.14882153272628784
5,4,2027-02-01,0.0,0.0,0.0
5,4,2027-03-01,0.0,0.0,0.0
5,6,2026-10-01,7.0453634,0.0,4.227218151092529
5,6,2026-11-01,0.55313605,0.0,0.33188164234161377
5,6,2026-12-01,0.0,0.0,0.0
5,6,2027-01-01,0.24803588,0.0,0.14882153272628784
5,6,2027-02-01,0.0,0.0,0.0
5,6,2027-03-01,0.0,0.0,0.0
5,7,2026-10-01,0.0,0.16666469557353675,0.06666587822941471
5,7,2026-11-01,0.0,0.1666665638865732,0.06666662555462928
5,7,2026-12-01,6.566178,0.16666629598959035,4.006373320764
5,7,2027-01-01,0.24803588,0.16666337687721605,0.21548688347717426
5,7,2027-02-01,0.24803588,0.49999890982806566,0.34882109665751415
5,7,2027-03-01,0.24803588,0.16666430362493256,0.21548725417626086
5,9,2026-10-01,7.0453634,0.0,4.227218151092529
5,9,2026-11-01,0.55313605,0.0,0.33188164234161377
5,9,2026-12-01,0.0,0.0,0.0
5,9,2027-01-01,0.24803588,0.24995510952235012,0.2488035765352279
5,9,2027-02-01,0.0,0.0,0.0
5,9,2027-03-01,0.0,0.0,0.0
5,13,2026-10-01,0.0,0.08333320788165835,0.03333328315266334
5,13,2026-11-01,7.2110796,0.08333307118167352,4.359980986956556
5,13,2026-12-01,0.0,0.08333286452200114,0.03333314580880046
5,13,2027-01-01,0.24803588,0.08333264980720644,0.18215459264917042
5,13,2027-02-01,0.24803588,0.08333242159839775,0.18215450136564695
5,13,2027-03-01,0.0,0.08333217194191073,0.03333286877676429
5,14,2026-10-01,0.0,0.3332349037489009,0.13329396149956038
5,14,2026-11-01,0.0,0.33324284853523406,0.13329713941409363
5,14,2026-12-01,0.0,0.3332580092541335,0.1333032037016534
5,14,2027-01-01,0.0,0.6665699248449471,0.2666279699379789
5,14,2027-02-01,0.0,0.6665614238843334,0.26662456955373337
5,14,2027-03-01,0.0,0.3332394309861353,0.13329577239445412
5,16,2026-10-01,7.0453634,0.0,4.227218151092529
5,16,2026-11-01,0.55313605,0.0,0.33188164234161377
5,16,2026-12-01,0.0,0.0,0.0
5,16,2027-01-01,0.24803588,0.0,0.14882153272628784
5,16,2027-02-01,0.0,0.0,0.0
5,16,2027-03-01,0.0,0.24999730221386204,0.09999892088554482
5,17,2026-10-01,0.0,0.0,0.0
5,17,2026-11-01,0.34226915,0.0,0.2053615003824234
5,17,2026-12-01,0.0,0.0,0.0
5,17,2027-01-01,0.0,0.0,0.0
5,17,2027-02-01,0.0,0.0,0.0
5,17,2027-03-01,0.0,0.0,0.0
5,18,2026-10-01,7.0453634,0.0,4.227218151092529
5,18,2026-11-01,0.55313605,0.0,0.33188164234161377
5,18,2026-12-01,0.0,0.0,0.0
5,18,2027-01-01,0.24803588,0.0,0.14882153272628784
5,18,2027-02-01,0.0,0.33333279127456605,0.13333311650982643
5,18,2027-03-01,0.0,0.0,0.0
5,19,2026-10-01,11.782172,197.71996292777095,86.15728868368163
5,19,2026-11-01,222.38768,154.42628672752446,195.2031318785098
5,19,2026-12-01,14.111896,742.4157951994152,305.43345541649705
5,19,2027-01-01,40.02012,717.7540419273585,311.11368838044046
5,19,2027-02-01,23.041267,154.41453801016158,75.59057659475067
5,19,2027-03-01,0.0,154.41157917096632,61.76463166838653
5,25,2026-10-01,9.361501,110.41139428359241,49.78145815746773
5,25,2026-11-01,0.0,110.38354056869156,44.153416227476626
5,25,2026-12-01,0.0,448.68684067315826,179.4747362692633
5,25,2027-01-01,0.0,415.9914390676686,166.39657562706745
5,25,2027-02-01,0.0,110.30298226238955,44.12119290495582
5,25,2027-03-01,0.0,110.27605541830836,44.11042216732335
5,26,2026-10-01,405.78726,164.1569154358508,309.13513250734815
5,26,2026-11-01,464.23727,320.42416167613294,406.7120535864688
5,26,2026-12-01,366.03177,257.7753835891778,322.7292177667258
5,26,2027-01-01,554.56793,210.48617030820333,416.9352518146876
5,26,2027-02-01,356.57352,249.22026152264178,313.63222692350985
5,26,2027-03-01,284.51944,371.54978878823704,319.3315854371698
5,27,2026-10-01,47.70435,170.58267123673292,96.85567858685626
5,27,2026-11-01,56.886505,57.9164495487385,57.29848442154618
5,27,2026-12-01,218.76529,158.5830303040307,194.6923979126279
5,27,2027-01-01,133.51135,241.58333043108712,176.74014369587235
5,27,2027-02-01,128.92719,26.249707690951226,87.85619868917345
5,27,2027-03-01,188.66887,48.25022733047446,132.50141539508041
5,28,2026-10-01,16.272516,9.335595862457483,13.497748095349204
5,28,2026-11-01,16.974592,12.999707186155625,15.384638199779634
5,28,2026-12-01,12.163087,41.999793998037006,24.09777011538912
5,28,2027-01-01,13.705733,0.0,8.223440170288086
5,28,2027-02-01,10.040098,3.993874919564343,7.621609263480034
5,28,2027-03-01,10.647808,0.0,6.38868522644043
6,1,2026-10-01,0.0,0.0,0.0
6,1,2026-11-01,0.0,0.0,0.0
6,1,2026-12-01,0.0,0.0,0.0
6,1,2027-01-01,0.0,0.0,0.0
6,1,2027-02-01,0.0,0.0,0.0
6,1,2027-03-01,0.0,0.16672225973095,0.06668890389238001
6,3,2026-10-01,0.0,0.08333189844313915,0.03333275937725566
6,3,2026-11-01,0.0,0.08333243286415166,0.033332973145660666
6,3,2026-12-01,0.0,0.08333283338466162,0.03333313335386465
6,3,2027-01-01,0.0,0.08333309248704275,0.0333332369948171
6,3,2027-02-01,0.0,0.08333326455757804,0.03333330582303122
6,3,2027-03-01,0.0,0.08333336566835833,0.033333346267343335
6,4,2026-10-01,0.0,3.907574940668901e-07,1.5630299762675606e-07
6,4,2026-11-01,0.0,2.08808310701164e-07,8.352332428046562e-08
6,4,2026-12-01,0.0,8.060280172472734e-08,3.2241120689890934e-08
6,4,2027-01-01,0.0,0.0,0.0
6,4,2027-02-01,0.0,0.0,0.0
6,4,2027-03-01,0.0,0.0,0.0
6,6,2026-10-01,0.0,0.0,0.0
6,6,2026-11-01,0.0,0.0,0.0
6,6,2026-12-01,0.0,0.0,0.0
6,6,2027-01-01,0.0,0.0,0.0
6,6,2027-02-01,0.0,0.0,0.0
6,6,2027-03-01,0.0,0.33333279745925953,0.1333331189837038
6,9,2026-10-01,0.0,0.0,0.0
6,9,2026-11-01,0.0,0.0,0.0
6,9,2026-12-01,0.0,0.0,0.0
6,9,2027-01-01,0.0,0.0,0.0
6,9,2027-02-01,0.0,0.0,0.0
6,9,2027-03-01,0.0,0.0,0.0
6,10,2026-10-01,0.0,0.08333192023395991,0.033332768093583966
6,10,2026-11-01,0.0,0.08333214794361615,0.03333285917744646
6,10,2026-12-01,0.0,0.08333236111534423,0.03333294444613769
6,10,2027-01-01,0.0,0.416665759159966,0.1666663036639864
6,10,2027-02-01,0.0,0.08333263358515344,0.03333305343406138
6,10,2027-03-01,0.0,0.08333271390701083,0.033333085562804336
6,11,2026-10-01,0.0,0.0,0.0
6,11,2026-11-01,0.0,0.0,0.0
6,11,2026-12-01,0.0,0.0,0.0
6,11,2027-01-01,0.0,0.0,0.0
6,11,2027-02-01,0.0,0.0,0.0
6,11,2027-03-01,0.0,0.0,0.0
6,12,2026-10-01,0.0,0.08313288024973921,0.03325315209989568
6,12,2026-11-01,0.0,0.08315382134846286,0.033261528539385146
6,12,2026-12-01,0.0,0.08317488231218263,0.03326995292487305
6,12,2027-01-01,0.0,0.0831962843567677,0.03327851374270708
6,12,2027-02-01,0.0,0.0832182552605349,0.03328730210421396
6,12,2027-03-01,0.0,0.08324026867487211,0.03329610746994884
6,13,2026-10-01,0.0,0.0833327048758413,0.03333308195033652
6,13,2026-11-01,0.0,0.08333269713253781,0.033333078853015126
6,13,2026-12-01,0.0,0.0833326991172285,0.0333330796468914
6,13,2027-01-01,0.0,0.08333266510219636,0.033333066040878545
6,13,2027-02-01,0.0,0.0833326122066139,0.03333304488264557
6,13,2027-03-01,0.0,0.4166658389269354,0.16666633557077415
6,14,2026-10-01,0.0,0.6666793639746045,0.2666717455898418
6,14,2026-11-01,0.0,0.33333247717538644,0.13333299087015457
6,14,2026-12-01,0.0,0.3333216577282011,0.13332866309128044
6,14,2027-01-01,0.0,0.33332257818806643,0.13332903127522658
6,14,2027-02-01,0.0,0.6666576088708382,0.2666630435483353
6,14,2027-03-01,0.0,0.3333315881354807,0.13333263525419228
6,15,2026-10-01,0.0,0.08333254942711224,0.0333330197708449
6,15,2026-11-01,0.0,0.08333265625864616,0.033333062503458466
6,15,2026-12-01,0.0,0.08333276640354298,0.03333310656141719
6,15,2027-01-01,0.0,0.08333286009680364,0.03333314403872146
6,15,2027-02-01,0.0,0.0833329370655086,0.03333317482620344
6,15,2027-03-01,0.0,0.08333298039519661,0.033333192158078645
6,16,2026-10-01,0.0,0.16666572314048567,0.06666628925619426
6,16,2026-11-01,0.0,0.16666580239223167,0.06666632095689266
6,16,2026-12-01,0.0,0.166665940953268,0.06666637638130721
6,16,2027-01-01,0.0,0.49999868600236536,0.19999947440094615
6,16,2027-02-01,0.0,0.4999988211940176,0.19999952847760705
6,16,2027-03-01,0.0,0.16666638532813055,0.06666655413125222
6,17,2026-10-01,0.0,0.08332432397369788,0.033329729589479155
6,17,2026-11-01,0.0,0.0833261649503968,0.03333046598015872
6,17,2026-12-01,0.0,0.08332753399710353,0.033331013598841414
6,17,2027-01-01,0.0,0.08332846428252105,0.03333138571300842
6,17,2027-02-01,0.0,0.08332900605842189,0.03333160242336876
6,17,2027-03-01,0.0,0.08332925331079187,0.03333170132431675
6,18,2026-10-01,0.0,0.0,0.0
6,18,2026-11-01,0.0,0.0,0.0
6,18,2026-12-01,0.0,0.0,0.0
6,18,2027-01-01,0.0,0.0,0.0
6,18,2027-02-01,0.0,0.0,0.0
6,18,2027-03-01,0.0,0.0,0.0
6,19,2026-10-01,9.736479,45.91231744617107,24.206814452528487
6,19,2026-11-01,0.0,556.6481038058175,222.65924152232702
6,19,2026-12-01,0.0,11.97120061298449,4.788480245193796
6,19,2027-01-01,82.92632,12.045854307949185,54.574136248326155
6,19,2027-02-01,179.34807,1031.703390758616,520.2902048752237
6,19,2027-03-01,0.0,419.12365784107726,167.6494631364309
6,25,2026-10-01,50.668682,0.0,30.40121078491211
6,25,2026-11-01,0.0,0.0,0.0
6,25,2026-12-01,0.0,0.0,0.0
6,25,2027-01-01,22.181667,0.0,13.309000968933105
6,25,2027-02-01,0.0,264.33955930931677,105.73582372372671
6,25,2027-03-01,0.0,149.9988925009448,59.999557000377926
6,26,2026-10-01,140.06828,197.5001720904971,163.04103868483168
6,26,2026-11-01,235.4306,904.8322620596804,503.1912666402784
6,26,2026-12-01,239.79817,114.83222504878373,189.81179626951348
6,26,2027-01-01,156.41693,174.50550347766642,163.65236008247282
6,26,2027-02-01,214.75647,55.83967936982663,151.18975358386814
6,26,2027-03-01,489.0903,123.49853915009888,342.8536087752739
6,27,2026-10-01,96.00852,125.50392117857929,107.80668245458602
6,27,2026-11-01,123.94934,740.5008131317311,370.56993127075884
6,27,2026-12-01,130.62234,156.1675713881541,140.84044164119913
6,27,2027-01-01,69.82282,130.1660075734835,93.96009886069223
6,27,2027-02-01,164.8076,138.16632287130489,154.15109640926414
6,27,2027-03-01,78.75591,119.83226781739754,95.18645479541604
6,28,2026-10-01,6.431552,22.498875949096544,12.85848168266291
6,28,2026-11-01,0.24055938,108.16678626669265,43.41105014913407
6,28,2026-12-01,14.653028,12.166997880752866,13.65861586372693
6,28,2027-01-01,11.870329,7.500305879222143,10.122319979710097
6,28,2027-02-01,14.213133,28.500367707321185,19.928026797894297
6,28,2027-03-01,5.7946053,0.5004531616445718,3.676944513101432
7,1,2026-10-01,0.0,0.16666587835497437,0.06666635134198975
7,1,2026-11-01,0.0,0.16666583978425514,0.06666633591370207
7,1,2026-12-01,0.0,0.16666592568415164,0.06666637027366067
7,1,2027-01-01,0.0,0.16666614460721332,0.06666645784288533
7,1,2027-02-01,0.0,0.16666647749415253,0.06666659099766102
7,1,2027-03-01,0.0,0.8333326043846637,0.3333330417538655
7,2,2026-10-01,0.0,0.0,0.0
7,2,2026-11-01,0.0,0.0,0.0
7,2,2026-12-01,0.0,0.0,0.0
7,2,2027-01-01,0.0,0.0,0.0
7,2,2027-02-01,0.0,0.0,0.0
7,2,2027-03-01,0.0,0.0,0.0
7,3,2026-10-01,0.0,0.0,0.0
7,3,2026-11-01,0.0,0.0,0.0
7,3,2026-12-01,0.0,0.0,0.0
7,3,2027-01-01,0.0,0.0,0.0
7,3,2027-02-01,0.0,0.0,0.0
7,3,2027-03-01,0.0,0.0,0.0
7,4,2026-10-01,0.0,0.0,0.0
7,4,2026-11-01,0.0,0.24999933082021764,0.09999973232808707
7,4,2026-12-01,0.0,0.0,0.0
7,4,2027-01-01,0.0,0.0,0.0
7,4,2027-02-01,0.0,0.0,0.0
7,4,2027-03-01,0.0,0.2499992020433974,0.09999968081735897
7,5,2026-10-01,0.0,0.0,0.0
7,5,2026-11-01,0.0,0.0,0.0
7,5,2026-12-01,0.0,0.0,0.0
7,5,2027-01-01,0.0,0.24999981673914362,0.09999992669565745
7,5,2027-02-01,0.0,0.0,0.0
7,5,2027-03-01,0.0,0.0,0.0
7,7,2026-10-01,0.0,0.16669159590001287,0.06667663836000515
7,7,2026-11-01,0.0,0.500003775840995,0.20000151033639801
7,7,2026-12-01,0.0,0.16666710263388507,0.06666684105355403
7,7,2027-01-01,0.0,0.16665235264232878,0.06666094105693152
7,7,2027-02-01,0.0,0.16664310846048724,0.0666572433841949
7,7,2027-03-01,0.0,0.16663854759085123,0.0666554190363405
7,11,2026-10-01,0.0,3.1377516425679097e-06,1.255100657027164e-06
7,11,2026-11-01,0.0,1.0000013120308338,0.4000005248123335
7,11,2026-12-01,0.0,1.4675360091587208e-06,5.870144036634884e-07
7,11,2027-01-01,0.0,1.6148528820536523e-06,6.459411528214609e-07
7,11,2027-02-01,0.0,0.0,0.0
7,11,2027-03-01,0.0,0.0,0.0
7,13,2026-10-01,0.0,0.0,0.0
7,13,2026-11-01,0.0,0.0,0.0
7,13,2026-12-01,0.0,0.0,0.0
7,13,2027-01-01,0.0,0.0,0.0
7,13,2027-02-01,0.0,0.0,0.0
7,13,2027-03-01,0.0,0.666666036054949,0.26666641442197964
7,14,2026-10-01,0.0,0.0,0.0
7,14,2026-11-01,0.0,0.0,0.0
7,14,2026-12-01,0.0,0.0,0.0
7,14,2027-01-01,0.0,0.0,0.0
7,14,2027-02-01,0.0,0.0,0.0
7,14,2027-03-01,0.0,0.0,0.0
7,15,2026-10-01,0.0,0.5000006973934799,0.20000027895739195
7,15,2026-11-01,0.0,0.0,0.0
7,15,2026-12-01,0.0,0.0,0.0
7,15,2027-01-01,0.0,0.0,0.0
7,15,2027-02-01,0.0,0.0,0.0
7,15,2027-03-01,0.0,0.16666801603268647,0.0666672064130746
7,16,2026-10-01,0.0,0.16666617638141354,0.06666647055256542
7,16,2026-11-01,0.0,0.4999994978897643,0.1999997991559057
7,16,2026-12-01,0.0,0.1666661825223345,0.0666664730089338
7,16,2027-01-01,0.0,0.1666661801366418,0.06666647205465673
7,16,2027-02-01,0.0,0.1666661925085409,0.06666647700341637
7,16,2027-03-01,0.0,0.16666619275269934,0.06666647710107974
7,17,2026-10-01,0.0,0.08331171844421573,0.03332468737768629
7,17,2026-11-01,0.0,0.08333856828977966,0.03333542731591187
7,17,2026-12-01,0.0,0.08336080495446274,0.0333443219817851
7,17,2027-01-01,0.0,0.08338066654070089,0.03335226661628036
7,17,2027-02-01,0.0,0.08339366603152051,0.03335746641260821
7,17,2027-03-01,0.0,0.08340029010967584,0.03336011604387034
7,18,2026-10-01,0.0,0.08333409415540695,0.03333363766216278
7,18,2026-11-01,0.0,0.4166666827186064,0.16666667308744257
7,18,2026-12-01,0.0,0.08333268981982071,0.033333075927928286
7,18,2027-01-01,0.0,0.08333244633772605,0.03333297853509042
7,18,2027-02-01,0.0,0.41666587558672996,0.166666350234692
7,18,2027-03-01,0.0,0.08333234320128748,0.03333293728051499
7,19,2026-10-01,0.0,819.3532731587911,327.7413092635165
7,19,2026-11-01,0.0,299.2852518712578,119.71410074850313
7,19,2026-12-01,0.0,80.9579762078389,32.38319048313556
7,19,2027-01-01,439.9613,815.3169026896342,590.1035677164787
7,19,2027-02-01,61.600006,92.96112408820414,74.14445634914884
7,19,2027-03-01,0.0,51.35668425763225,20.542673703052902
7,25,2026-10-01,20.775694,173.99990324042153,82.06537820443278
7,25,2026-11-01,0.0,152.9992261067432,61.19969044269729
7,25,2026-12-01,0.0,17.999603561809906,7.199841424723963
7,25,2027-01-01,0.0,140.00038017908687,56.00015207163475
7,25,2027-02-01,6.442441,17.998787159676993,11.06497955121821
7,25,2027-03-01,0.0,17.999570595224426,7.199828238089771
7,26,2026-10-01,118.18802,0.0,70.91281127929688
7,26,2026-11-01,137.5892,0.0,82.55352783203125
7,26,2026-12-01,208.99374,0.0,125.39624786376953
7,26,2027-01-01,139.54388,0.0,83.72633361816406
7,26,2027-02-01,258.69202,0.0,155.2152099609375
7,26,2027-03-01,589.30536,0.0,353.5832214355469
7,27,2026-10-01,115.6627,29.922198314986446,81.36650048077973
7,27,2026-11-01,45.163677,93.58774662724956,64.5333061246547
7,27,2026-12-01,147.5551,20.91988832015511,96.90102112396048
7,27,2027-01-01,73.37452,70.58840606477578,72.26007403479703
7,27,2027-02-01,104.7569,71.58128196531736,91.4866540214785
7,27,2027-03-01,90.34837,233.58020975008458,147.64111023670375
7,28,2026-10-01,7.584312,0.0,4.550587177276611
7,28,2026-11-01,103.99495,0.0,62.39697265625
7,28,2026-12-01,48.292152,1.749486978778489,29.67508699732194
7,28,2027-01-01,53.763237,16.415892840471955,38.824299335895816
7,28,2027-02-01,49.20832,0.0,29.524993896484375
7,28,2027-03-01,40.362434,0.0,24.21746253967285
8,1,2026-10-01,0.0,0.41666698897935606,0.16666679559174244
8,1,2026-11-01,0.026290238,0.41666602363489436,0.18244055331370182
8,1,2026-12-01,0.0,0.08333302809044066,0.03333321123617627
8,1,2027-01-01,0.0,0.08333303678910087,0.033333214715640345
8,1,2027-02-01,0.0,0.7499990505959679,0.29999962023838717
8,1,2027-03-01,0.0,0.08333302327145392,0.03333320930858157
8,2,2026-10-01,0.0,0.0,0.0
8,2,2026-11-01,0.026290238,0.24999946647171944,0.11577393044843186
8,2,2026-12-01,0.0,0.0,0.0
8,2,2027-01-01,0.0,0.0,0.0
8,2,2027-02-01,0.0,0.0,0.0
8,2,2027-03-01,0.0,0.0,0.0
8,3,2026-10-01,0.0,0.0,0.0
8,3,2026-11-01,0.026290238,0.0,0.015774143859744072
8,3,2026-12-01,0.0,0.0,0.0
8,3,2027-01-01,0.0,0.0,0.0
8,3,2027-02-01,0.0,0.22046087704129155,0.08818435081651663
8,3,2027-03-01,0.0,0.0,0.0
8,5,2026-10-01,0.0,0.0,0.0
8,5,2026-11-01,0.026290238,0.0,0.015774143859744072
8,5,2026-12-01,0.0,0.0,0.0
8,5,2027-01-01,0.0,0.0,0.0
8,5,2027-02-01,0.0,0.0,0.0
8,5,2027-03-01,0.0,0.41677936931772075,0.1667117477270883
8,6,2026-10-01,0.0,0.16665792441547972,0.0666631697661919
8,6,2026-11-01,0.026290238,0.16665881880489775,0.08243767138170317
8,6,2026-12-01,0.0,0.16665698679071445,0.06666279471628578
8,6,2027-01-01,0.0,0.16665509766099987,0.06666203906439995
8,6,2027-02-01,0.0,0.1666558489404971,0.06666233957619884
8,6,2027-03-01,0.0,0.1666566800923892,0.06666267203695568
8,7,2026-10-01,0.0,0.08324824979527651,0.033299299918110606
8,7,2026-11-01,0.026290238,0.416658289087681,0.1824374594948165
8,7,2026-12-01,0.0,0.08330661808586323,0.0333226472343453
8,7,2027-01-01,0.0,0.08334502716970169,0.03333801086788068
8,7,2027-02-01,0.0,0.0833654608391309,0.03334618433565236
8,7,2027-03-01,0.0,0.08336913933431732,0.03334765573372693
8,9,2026-10-01,0.0,0.0,0.0
8,9,2026-11-01,0.026290238,0.0,0.015774143859744072
8,9,2026-12-01,0.0,0.0,0.0
8,9,2027-01-01,0.0,0.33333229679936904,0.13333291871974762
8,9,2027-02-01,0.0,0.0,0.0
8,9,2027-03-01,0.0,0.0,0.0
8,11,2026-10-01,0.0,0.0,0.0
8,11,2026-11-01,0.026290238,0.0,0.015774143859744072
8,11,2026-12-01,0.0,0.0,0.0
8,11,2027-01-01,0.0,0.49991889463808037,0.19996755785523215
8,11,2027-02-01,0.0,0.0,0.0
8,11,2027-03-01,0.0,0.0,0.0
8,12,2026-10-01,0.0,0.6293782560425987,0.25175130241703947
8,12,2026-11-01,0.026290238,0.9626859720454038,0.40084853267790566
8,12,2026-12-01,0.0,1.6293519716328855,0.6517407886531542
8,12,2027-01-01,0.0,0.6293493716044989,0.25173974864179954
8,12,2027-02-01,0.0,0.9627083698980973,0.38508334795923893
8,12,2027-03-01,0.0,0.6293822641339154,0.2517529056535662
8,14,2026-10-01,0.0,1.2255691432440137,0.4902276572976055
8,14,2026-11-01,0.026290238,1.4381195775568716,0.5910219748824928
8,14,2026-12-01,0.0,1.6450237724457735,0.6580095089783095
8,14,2027-01-01,0.0,1.8462762950270095,0.7385105180108038
8,14,2027-02-01,0.0,2.041878590768552,0.8167514363074209
8,14,2027-03-01,0.0,2.23182637492823,0.8927305499712921
8,16,2026-10-01,0.0,0.08333345794865557,0.03333338317946223
8,16,2026-11-01,0.026290238,0.08333345772371084,0.04910752694922841
8,16,2026-12-01,0.0,0.4166659026097428,0.16666636104389712
8,16,2027-01-01,0.0,0.08333344473752731,0.033333377895010924
8,16,2027-02-01,0.0,0.08333341890728657,0.03333336756291463
8,16,2027-03-01,0.0,0.41666582854070094,0.1666663314162804
8,17,2026-10-01,0.0,0.0,0.0
8,17,2026-11-01,0.026290238,0.0,0.015774143859744072
8,17,2026-12-01,0.0,0.0,0.0
8,17,2027-01-01,0.0,0.0,0.0
8,17,2027-02-01,0.0,0.33333279127456605,0.13333311650982643
8,17,2027-03-01,0.0,0.0,0.0
8,18,2026-10-01,0.0,0.1666659329909455,0.0666663731963782
8,18,2026-11-01,0.026290238,0.1666661494561479,0.08244060364220324
8,18,2026-12-01,0.0,0.16666612664461244,0.06666645065784498
8,18,2027-01-01,0.0,0.1666659890401659,0.06666639561606637
8,18,2027-02-01,0.0,0.5000006788195307,0.2000002715278123
8,18,2027-03-01,0.0,0.16666612211090137,0.06666644884436056
8,19,2026-10-01,29.542078,168.63654662053005,85.17986698500401
8,19,2026-11-01,40.103466,674.6424903333055,293.919076516623
8,19,2026-12-01,0.0,0.0,0.0
8,19,2027-01-01,65.89187,754.6156986073094,341.38140136064834
8,19,2027-02-01,96.81763,0.0,58.090579986572266
8,19,2027-03-01,137.8044,106.25790678651629,125.18580279029011
8,25,2026-10-01,0.0,0.0,0.0
8,25,2026-11-01,24.142225,177.99842529212754,85.68470546688764
8,25,2026-12-01,12.638785,0.0,7.583271503448486
8,25,2027-01-01,0.0,247.99929945290728,99.19971978116291
8,25,2027-02-01,32.71175,0.0,19.627050399780273
8,25,2027-03-01,27.654774,98.66676875875245,56.05957249373536
8,26,2026-10-01,140.54587,1178.1774166599632,555.5984889418173
8,26,2026-11-01,179.95486,120.50132643823204,156.1734538541014
8,26,2026-12-01,148.83766,101.50422433963983,129.90428678175437
8,26,2027-01-01,173.94678,61.8319530766025,129.10085374040662
8,26,2027-02-01,133.75192,161.5033272127745,144.85249055307855
8,26,2027-03-01,125.79427,154.83328049805235,137.40988232861548
8,27,2026-10-01,160.57532,438.16693731415137,271.611966881227
8,27,2026-11-01,307.1525,51.833695962745274,205.02498229134812
8,27,2026-12-01,76.35322,70.83331298768482,74.14525680518135
8,27,2027-01-01,146.10721,0.0,87.6643295288086
8,27,2027-02-01,186.95682,46.166530251775875,130.64070725451893
8,27,2027-03-01,163.65344,46.164655510063106,116.65793221134946
8,28,2026-10-01,5.788667,106.41674637279863,46.03989910873554
8,28,2026-11-01,18.799437,8.749872404967114,14.77961109425003
8,28,2026-12-01,18.328592,9.083355084621427,14.630498177037047
8,28,2027-01-01,8.046005,4.083249105185914,6.460902982223291
8,28,2027-02-01,36.567146,8.083275414265938,25.173598709407546
8,28,2027-03-01,25.110325,18.416579291529626,22.432827204587923
9,1,2026-10-01,0.0,0.8333327012177849,0.33333308048711396
9,1,2026-11-01,0.03514636,0.4999993661302974,0.22108756243720254
9,1,2026-12-01,0.0,0.8333326885870549,0.333333075434822
9,1,2027-01-01,0.0,0.49999939162516016,0.1999997566500641
9,1,2027-02-01,0.0,0.49999939311544417,0.1999997572461777
9,1,2027-03-01,0.0,0.49999940670978305,0.19999976268391323
9,2,2026-10-01,0.0,0.5834677895010876,0.23338711580043503
9,2,2026-11-01,0.03514636,0.5833770897032188,0.2544386518663711
9,2,2026-12-01,0.0,0.5832900980845539,0.23331603923382158
9,2,2027-01-01,0.0,0.9166678894474152,0.3666671557789661
9,2,2027-02-01,0.0,1.24980317551643,0.49992127020657207
9,2,2027-03-01,0.0,0.9164972298097447,0.3665988919238979
9,3,2026-10-01,0.0,0.0,0.0
9,3,2026-11-01,0.03514636,0.0,0.02108781598508358
9,3,2026-12-01,0.0,0.0,0.0
9,3,2027-01-01,0.0,0.0,0.0
9,3,2027-02-01,0.0,0.0,0.0
9,3,2027-03-01,0.0,0.0,0.0
9,4,2026-10-01,0.0,0.0,0.0
9,4,2026-11-01,0.03514636,0.0,0.02108781598508358
9,4,2026-12-01,0.0,0.0,0.0
9,4,2027-01-01,0.0,0.16664301224732353,0.06665720489892941
9,4,2027-02-01,0.0,0.5000053450189045,0.2000021380075618
9,4,2027-03-01,0.0,0.0,0.0
9,5,2026-10-01,0.0,0.08333475098686463,0.033333900394745854
9,5,2026-11-01,0.03514636,0.0,0.02108781598508358
9,5,2026-12-01,0.0,0.0,0.0
9,5,2027-01-01,0.0,0.0,0.0
9,5,2027-02-01,0.0,0.0,0.0
9,5,2027-03-01,0.0,0.08333335759485089,0.033333343037940354
9,6,2026-10-01,0.0,0.0,0.0
9,6,2026-11-01,0.03514636,0.0,0.02108781598508358
9,6,2026-12-01,0.0,0.0,0.0
9,6,2027-01-01,0.0,0.33333279627423396,0.1333331185096936
9,6,2027-02-01,0.0,0.0,0.0
9,6,2027-03-01,0.0,0.0,0.0
9,7,2026-10-01,0.0,0.08333182957818959,0.03333273183127584
9,7,2026-11-01,0.03514636,0.08333198347444548,0.054420609374861775
9,7,2026-12-01,0.0,0.08333238587441436,0.03333295434976574
9,7,2027-01-01,0.0,0.7500000166981136,0.3000000066792454
9,7,2027-02-01,0.0,0.08333477813041709,0.03333391125216684
9,7,2027-03-01,0.0,0.08333458147544827,0.03333383259017931
9,8,2026-10-01,0.0,0.08333458258402698,0.033333833033610795
9,8,2026-11-01,0.03514636,0.0833241832213302,0.054417489273615664
9,8,2026-12-01,0.0,0.4166940968554856,0.16667763874219424
9,8,2027-01-01,0.0,0.08331588755486075,0.0333263550219443
9,8,2027-02-01,0.0,0.08331848363704261,0.03332739345481705
9,8,2027-03-01,0.0,0.0833182715897528,0.03332730863590112
9,9,2026-10-01,0.0,0.0,0.0
9,9,2026-11-01,0.03514636,0.0,0.02108781598508358
9,9,2026-12-01,0.0,0.0,0.0
9,9,2027-01-01,0.0,0.0,0.0
9,9,2027-02-01,0.0,0.0,0.0
9,9,2027-03-01,0.0,0.0,0.0
9,10,2026-10-01,0.0,0.08293471829070734,0.033173887316282936
9,10,2026-11-01,0.03514636,0.416359041493787,0.1876314325825984
9,10,2026-12-01,0.0,0.0830586837386787,0.03322347349547148
9,10,2027-01-01,0.0,0.0830797949623769,0.03323191798495076
9,10,2027-02-01,0.0,0.0831158920169245,0.0332463568067698
9,10,2027-03-01,0.0,0.08316501120995963,0.033266004483983855
9,12,2026-10-01,0.0,0.0,0.0
9,12,2026-11-01,0.03514636,0.24991803466107865,0.12105502984951505
9,12,2026-12-01,0.0,0.0,0.0
9,12,2027-01-01,0.0,0.0,0.0
9,12,2027-02-01,0.0,0.2499199588896834,0.09996798355587337
9,12,2027-03-01,0.0,0.5832709791295635,0.2333083916518254
9,13,2026-10-01,0.0,0.0,0.0
9,13,2026-11-01,0.03514636,0.0,0.02108781598508358
9,13,2026-12-01,0.0,0.0,0.0
9,13,2027-01-01,0.0,0.0,0.0
9,13,2027-02-01,0.0,0.0,0.0
9,13,2027-03-01,0.0,0.0,0.0
9,14,2026-10-01,0.0,1.1704864107453528e-05,4.6819456429814115e-06
9,14,2026-11-01,0.03514636,2.419129540304904e-05,0.0210974925032448
9,14,2026-12-01,0.0,3.444440632802137e-05,1.3777762531208549e-05
9,14,2027-01-01,0.0,4.236572908592612e-05,1.6946291634370448e-05
9,14,2027-02-01,0.0,4.791985569552876e-05,1.9167942278211503e-05
9,14,2027-03-01,0.0,0.33337602992146625,0.13335041196858652
9,16,2026-10-01,0.0,0.0,0.0
9,16,2026-11-01,0.03514636,5.4536190548473695e-05,0.02110963046130297
9,16,2026-12-01,0.0,0.6667204509307201,0.26668818037228803
9,16,2027-01-01,0.0,0.000220361057837605,8.814442313504201e-05
9,16,2027-02-01,0.0,0.00019536023602553104,7.814409441021242e-05
9,16,2027-03-01,0.0,0.0001652227898474648,6.608911593898592e-05
9,17,2026-10-01,0.0,0.08332069695819559,0.03332827878327824
9,17,2026-11-01,0.03514636,0.7499903593123006,0.32108395971000386
9,17,2026-12-01,0.0,0.08332367425872854,0.03332946970349142
9,17,2027-01-01,0.0,0.08332458322941368,0.03332983329176547
9,17,2027-02-01,0.0,0.0833255448762338,0.03333021795049352
9,17,2027-03-01,0.0,0.08332656170974867,0.03333062468389947
9,18,2026-10-01,0.0,0.41666596936832834,0.16666638774733133
9,18,2026-11-01,0.03514636,0.08333201621716521,0.05442062247194967
9,18,2026-12-01,0.0,0.0833311187431871,0.03333244749727484
9,18,2027-01-01,0.0,0.083330608480885,0.033332243392354
9,18,2027-02-01,0.0,0.08333044765773856,0.03333217906309543
9,18,2027-03-01,0.0,0.08333059410013073,0.0333322376400523
9,19,2026-10-01,0.0,328.2827357191667,131.31309428766667
9,19,2026-11-01,4.050924,662.8701604708408,267.57861857828993
9,19,2026-12-01,62.067997,8.19372497915765,40.51828894185837
9,19,2027-01-01,23.54184,8.13641453825636,17.379669765803033
9,19,2027-02-01,19.320572,756.4163786879069,314.1588948055461
9,19,2027-03-01,85.8274,665.4179262075029,317.6636113704523
9,25,2026-10-01,0.0,128.18137491226457,51.272549964905835
9,25,2026-11-01,0.0,199.177244293088,79.6708977172352
9,25,2026-12-01,13.256,3.1687354293509244,9.22109410154994
9,25,2027-01-01,0.0,3.160542893666644,1.2642171574666579
9,25,2027-02-01,0.0,118.15452159316965,47.26180863726786
9,25,2027-03-01,0.0,181.82824875845608,72.73129950338243
9,26,2026-10-01,164.99902,393.5617268021408,256.424110886872
9,26,2026-11-01,193.81856,396.2312820155587,274.783650501536
9,26,2026-12-01,86.361374,512.5509967658334,256.8372245730326
9,26,2027-01-01,79.82714,417.9061182500868,215.05873331077692
9,26,2027-02-01,157.14467,360.56462896101834,238.5126557836261
9,26,2027-03-01,93.877754,458.59343999014334,239.76403233761008
9,27,2026-10-01,79.25442,358.49093526198953,190.94902455645598
9,27,2026-11-01,153.90019,362.21893176369724,237.22769111368203
9,27,2026-12-01,116.96296,469.43768415610623,257.9528538138097
9,27,2027-01-01,194.2925,417.33117761517985,283.5079715343532
9,27,2027-02-01,132.86983,479.85514965119893,271.663960800421
9,27,2027-03-01,186.55902,555.6722189287763,334.2043047468035
9,28,2026-10-01,33.485577,67.41799946102965,47.05854652513452
9,28,2026-11-01,42.167675,56.41625060768322,47.867106016999074
9,28,2026-12-01,29.40704,61.415049758589575,42.21024407030595
9,28,2027-01-01,21.84725,63.08134006836962,38.34088678113203
9,28,2027-02-01,39.763023,54.080973898762764,45.490204348323466
9,28,2027-03-01,14.42937,43.414316838220756,26.02334907262961
10,1,2026-10-01,0.0,0.2500115781654615,0.1000046312661846
10,1,2026-11-01,0.0,0.25000970735891387,0.10000388294356555
10,1,2026-12-01,0.0,0.916678521651747,0.3666714086606988
10,1,2027-01-01,0.0,0.2500054515403245,0.10000218061612981
10,1,2027-02-01,0.0,0.25000421461409167,0.10000168584563668
10,1,2027-03-01,0.0,1.2500099458246101,0.5000039783298441
10,2,2026-10-01,0.0,0.16655777005951983,0.06662310802380793
10,2,2026-11-01,0.0,0.1666126471094323,0.06664505884377292
10,2,2026-12-01,0.0,0.16667269020661146,0.0666690760826446
10,2,2027-01-01,0.0,0.16674245811302518,0.06669698324521008
10,2,2027-02-01,0.0,0.8333745998989537,0.3333498399595815
10,2,2027-03-01,0.0,0.16679116295839563,0.06671646518335826
10,3,2026-10-01,0.0,0.4166663415638065,0.1666665366255226
10,3,2026-11-01,0.0,0.08333360152869329,0.03333344061147732
10,3,2026-12-01,0.0,0.08333398341652673,0.033333593366610695
10,3,2027-01-01,0.0,0.08333424336574966,0.033333697346299866
10,3,2027-02-01,0.0,0.08333443530160628,0.03333377412064251
10,3,2027-03-01,0.0,0.08333461943450313,0.03333384777380125
10,4,2026-10-01,0.0,1.2255691432440137,0.4902276572976055
10,4,2026-11-01,0.0,1.4381195775568716,0.5752478310227487
10,4,2026-12-01,0.0,1.6450237724457735,0.6580095089783095
10,4,2027-01-01,0.0,1.8462762950270095,0.7385105180108038
10,4,2027-02-01,0.0,2.041878590768552,0.8167514363074209
10,4,2027-03-01,0.0,2.23182637492823,0.8927305499712921
10,6,2026-10-01,0.0,0.0,0.0
10,6,2026-11-01,0.0,0.24999946647171944,0.09999978658868779
10,6,2026-12-01,0.0,0.0,0.0
10,6,2027-01-01,0.0,0.0,0.0
10,6,2027-02-01,0.0,0.0,0.0
10,6,2027-03-01,0.0,0.0,0.0
10,7,2026-10-01,0.0,0.0,0.0
10,7,2026-11-01,0.0,0.0,0.0
10,7,2026-12-01,0.0,0.0,0.0
10,7,2027-01-01,0.0,0.0,0.0
10,7,2027-02-01,0.0,0.0,0.0
10,7,2027-03-01,0.0,0.0,0.0
10,9,2026-10-01,0.0,0.0,0.0
10,9,2026-11-01,0.0,0.0,0.0
10,9,2026-12-01,0.0,0.0,0.0
10,9,2027-01-01,0.0,0.0,0.0
10,9,2027-02-01,0.0,0.0,0.0
10,9,2027-03-01,0.0,0.0,0.0
10,10,2026-10-01,0.0,0.08334629100752575,0.0333385164030103
10,10,2026-11-01,0.0,0.08337765499020455,0.03335106199608182
10,10,2026-12-01,0.0,0.41668113249790245,0.166672452999161
10,10,2027-01-01,0.0,0.08342764316216847,0.03337105726486739
10,10,2027-02-01,0.0,0.41670341485407236,0.16668136594162897
10,10,2027-03-01,0.0,0.08341987084531147,0.033367948338124585
10,11,2026-10-01,0.0,0.0832873237917704,0.03331492951670816
10,11,2026-11-01,0.0,0.08332428485039386,0.033329713940157546
10,11,2026-12-01,0.0,0.0833520864525256,0.03334083458101025
10,11,2027-01-01,0.0,0.08336660292170456,0.03334664116868182
10,11,2027-02-01,0.0,0.08337435899705131,0.03334974359882053
10,11,2027-03-01,0.0,0.0833767254194377,0.03335069016777508
10,12,2026-10-01,0.0,0.24986830233759177,0.09994732093503672
10,12,2026-11-01,0.0,1.5833337265871301,0.6333334906348521
10,12,2026-12-01,0.0,0.9167029640469226,0.36668118561876906
10,12,2027-01-01,0.0,0.2500463911380278,0.10001855645521113
10,12,2027-02-01,0.0,0.250066960437414,0.1000267841749656
10,12,2027-03-01,0.0,0.2500782813104381,0.10003131252417524
10,13,2026-10-01,0.0,8.763309214374071e-05,3.505323685749629e-05
10,13,2026-11-01,0.0,3.717996598937012e-05,1.487198639574805e-05
10,13,2026-12-01,0.0,0.0,0.0
10,13,2027-01-01,0.0,0.0,0.0
10,13,2027-02-01,0.0,0.9999545395421737,0.39998181581686953
10,13,2027-03-01,0.0,0.0,0.0
10,14,2026-10-01,0.0,0.08324067962261976,0.033296271849047904
10,14,2026-11-01,0.0,0.08325400092772282,0.03330160037108913
10,14,2026-12-01,0.0,0.08327493897345964,0.03330997558938386
10,14,2027-01-01,0.0,0.4165838725677617,0.1666335490271047
10,14,2027-02-01,0.0,0.0833111349664893,0.03332445398659572
10,14,2027-03-01,0.0,0.08332500414105795,0.033330001656423185
10,16,2026-10-01,0.0,0.08333458258402698,0.033333833033610795
10,16,2026-11-01,0.0,0.0833241832213302,0.033329673288532084
10,16,2026-12-01,0.0,0.4166940968554856,0.16667763874219424
10,16,2027-01-01,0.0,0.08331588755486075,0.0333263550219443
10,16,2027-02-01,0.0,0.08331848363704261,0.03332739345481705
10,16,2027-03-01,0.0,0.0833182715897528,0.03332730863590112
10,17,2026-10-01,0.0,0.0,0.0
10,17,2026-11-01,0.0,0.0,0.0
10,17,2026-12-01,0.0,0.0,0.0
10,17,2027-01-01,0.0,0.2499994446684554,0.09999977786738216
10,17,2027-02-01,0.0,0.0,0.0
10,17,2027-03-01,0.0,0.2499994251616112,0.09999977006464449
10,18,2026-10-01,0.0,0.0,0.0
10,18,2026-11-01,0.0,0.24999765215594813,0.09999906086237925
10,18,2026-12-01,0.0,0.0,0.0
10,18,2027-01-01,0.0,0.9166644923465043,0.36666579693860174
10,18,2027-02-01,0.0,0.0,0.0
10,18,2027-03-01,0.0,0.0,0.0
10,19,2026-10-01,6.7861667,330.12418349808144,136.12137349536295
10,19,2026-11-01,30.620106,0.0,18.3720645904541
10,19,2026-12-01,26.415224,0.0,15.849135398864746
10,19,2027-01-01,138.13988,471.7472548239008,271.58282832116186
10,19,2027-02-01,37.59954,0.0,22.559724807739258
10,19,2027-03-01,9.972068,0.0,5.983241081237793
10,25,2026-10-01,9.556153,133.8366384933051,59.268347566511494
10,25,2026-11-01,45.00102,11.836556245204925,31.7352347569931
10,25,2026-12-01,37.758633,11.834559003423486,27.389003578786387
10,25,2027-01-01,19.292793,161.1683130055128,76.04300116656059
10,25,2027-02-01,41.06765,11.833983769139671,29.374184175380478
10,25,2027-03-01,37.47261,11.83650703659874,27.218169098819182
10,26,2026-10-01,135.51643,69.43448420304725,109.08365391071109
10,26,2026-11-01,109.24676,119.09000280965938,113.18405868001611
10,26,2026-12-01,178.71521,149.76654378291465,167.1357511191229
10,26,2027-01-01,128.99507,94.09776605195441,115.03615537097707
10,26,2027-02-01,173.18819,686.0846897245735,378.34679398064975
10,26,2027-03-01,145.91481,88.78008916629202,123.06092482667306
10,27,2026-10-01,90.22471,45.250389962853795,72.23498264529778
10,27,2026-11-01,94.49495,19.918674750770798,64.66444179361886
10,27,2026-12-01,62.63503,0.0,37.58102035522461
10,27,2027-01-01,21.414093,0.0,12.848456382751465
10,27,2027-02-01,97.20241,237.5828822932187,153.35459838237537
10,27,2027-03-01,113.34118,0.0,68.00470733642578
10,28,2026-10-01,17.061163,24.833370314651198,20.170046276495246
10,28,2026-11-01,15.398014,34.833233706132845,23.17210211435011
10,28,2026-12-01,0.0,18.499944758801274,7.39997790352051
10,28,2027-01-01,8.4303255,13.833265943513517,10.591501968378306
10,28,2027-02-01,49.381172,93.50019729651098,67.02878298964932
10,28,2027-03-01,23.604149,15.499717020190037,20.362376699128262
