id,table_name
562,movement
1057,movement
2341,movement
2444,movement
2502,movement
3133,movement
3963,movement
4382,movement
5329,movement
90,repair
124,repair
240,repair
292,repair
313,repair
357,repair
364,repair
376,repair
418,repair
428,repair
488,repair
59,requirement_line
134,requirement_line
135,requirement_line
223,requirement_line
231,requirement_line
319,requirement_line
377,requirement_line
387,requirement_line
403,requirement_line
448,requirement_line
1,ammo_lot
2,ammo_lot
3,ammo_lot
